{"cameraMode":{"drawMode":0,"name":"Shaded","section":"Shading Mode"},"sceneLighting":false,"audioPlay":false,"sceneViewState":{"m_AlwaysRefresh":false,"showFog":true,"showSkybox":false,"showFlares":true,"showImageEffects":true,"showParticleSystems":true,"showVisualEffectGraphs":true,"m_FxEnabled":true},"in2DMode":false,"pivot":{"x":0.16101431846618653,"y":1.9458589553833008,"z":-4.455822467803955},"rotation":{"x":-0.18372857570648194,"y":0.01827883906662464,"z":-0.0034173810854554178,"w":-0.9828036427497864},"size":4.072296142578125,"orthographic":true}