{"cameraMode":{"drawMode":0,"name":"Shaded","section":"Shading Mode"},"sceneLighting":false,"audioPlay":false,"sceneViewState":{"m_AlwaysRefresh":false,"showFog":true,"showSkybox":false,"showFlares":true,"showImageEffects":true,"showParticleSystems":true,"showVisualEffectGraphs":true,"m_FxEnabled":true},"in2DMode":false,"pivot":{"x":2.864713191986084,"y":0.142263263463974,"z":7.778682231903076},"rotation":{"x":-0.0069099110551178459,"y":0.004496586974710226,"z":-0.00003083438423345797,"w":-0.9999713897705078},"size":1.6644737720489503,"orthographic":true}