{"cameraMode":{"drawMode":0,"name":"Shaded","section":"Shading Mode"},"sceneLighting":false,"audioPlay":false,"sceneViewState":{"m_AlwaysRefresh":false,"showFog":true,"showSkybox":false,"showFlares":true,"showImageEffects":true,"showParticleSystems":true,"showVisualEffectGraphs":true,"m_FxEnabled":true},"in2DMode":false,"pivot":{"x":-5.430551052093506,"y":-0.07114580273628235,"z":6.054607391357422},"rotation":{"x":-0.009909462183713913,"y":0.00809618178755045,"z":-0.00008128068293444812,"w":-0.9999228119850159},"size":1.5491269826889039,"orthographic":true}