{"cameraMode":{"drawMode":0,"name":"Shaded","section":"Shading Mode"},"sceneLighting":false,"audioPlay":false,"sceneViewState":{"m_AlwaysRefresh":false,"showFog":true,"showSkybox":false,"showFlares":true,"showImageEffects":true,"showParticleSystems":true,"showVisualEffectGraphs":true,"m_FxEnabled":true},"in2DMode":false,"pivot":{"x":9.799101829528809,"y":3.3249294757843019,"z":6.049643516540527},"rotation":{"x":-0.0362977497279644,"y":-0.01589273288846016,"z":0.0005765379755757749,"w":-0.9992174506187439},"size":4.796762943267822,"orthographic":true}