{"cameraMode":{"drawMode":0,"name":"Shaded","section":"Shading Mode"},"sceneLighting":false,"audioPlay":false,"sceneViewState":{"m_AlwaysRefresh":false,"showFog":true,"showSkybox":false,"showFlares":true,"showImageEffects":true,"showParticleSystems":true,"showVisualEffectGraphs":true,"m_FxEnabled":true},"in2DMode":false,"pivot":{"x":-14.475539207458496,"y":0.051819153130054477,"z":6.420681953430176},"rotation":{"x":-0.002410030923783779,"y":-0.0060031963512301449,"z":0.000014565985111403279,"w":-0.999983012676239},"size":1.299038052558899,"orthographic":true}