{"cameraMode":{"drawMode":0,"name":"Shaded","section":"Shading Mode"},"sceneLighting":false,"audioPlay":false,"sceneViewState":{"m_AlwaysRefresh":false,"showFog":true,"showSkybox":false,"showFlares":true,"showImageEffects":true,"showParticleSystems":true,"showVisualEffectGraphs":true,"m_FxEnabled":true},"in2DMode":false,"pivot":{"x":0.4437396824359894,"y":3.019113779067993,"z":-5.27816104888916},"rotation":{"x":0.0010397519217804075,"y":0.9982953667640686,"z":-0.05547240003943443,"w":0.018872685730457307},"size":2.2674498558044435,"orthographic":true}