{"cameraMode":{"drawMode":0,"name":"Shaded","section":"Shading Mode"},"sceneLighting":false,"audioPlay":false,"sceneViewState":{"m_AlwaysRefresh":false,"showFog":true,"showSkybox":false,"showFlares":true,"showImageEffects":true,"showParticleSystems":true,"showVisualEffectGraphs":true,"m_FxEnabled":true},"in2DMode":false,"pivot":{"x":-0.5009627342224121,"y":-0.2680075168609619,"z":2.4767189025878908},"rotation":{"x":-0.14822269976139069,"y":0.02283940464258194,"z":-0.0034241480752825739,"w":-0.988688588142395},"size":1.8811776638031006,"orthographic":true}